[{"pk": 28, "model": "auth.permission", "fields": {"codename": "add_class_info", "name": "Can add class_info", "content_type": 10}}, {"pk": 46, "model": "auth.permission", "fields": {"codename": "add_completed_element", "name": "Can add completed_element", "content_type": 16}}, {"pk": 34, "model": "auth.permission", "fields": {"codename": "add_completed_workout", "name": "Can add completed_workout", "content_type": 12}}, {"pk": 37, "model": "auth.permission", "fields": {"codename": "add_element", "name": "Can add element", "content_type": 13}}, {"pk": 40, "model": "auth.permission", "fields": {"codename": "add_element_used", "name": "Can add element_used", "content_type": 14}}, {"pk": 49, "model": "auth.permission", "fields": {"codename": "add_userprofile", "name": "Can add user profile", "content_type": 17}}, {"pk": 43, "model": "auth.permission", "fields": {"codename": "add_variation", "name": "Can add variation", "content_type": 15}}, {"pk": 25, "model": "auth.permission", "fields": {"codename": "add_workout", "name": "Can add workout", "content_type": 9}}, {"pk": 31, "model": "auth.permission", "fields": {"codename": "add_workout_class", "name": "Can add workout_class", "content_type": 11}}, {"pk": 29, "model": "auth.permission", "fields": {"codename": "change_class_info", "name": "Can change class_info", "content_type": 10}}, {"pk": 47, "model": "auth.permission", "fields": {"codename": "change_completed_element", "name": "Can change completed_element", "content_type": 16}}, {"pk": 35, "model": "auth.permission", "fields": {"codename": "change_completed_workout", "name": "Can change completed_workout", "content_type": 12}}, {"pk": 38, "model": "auth.permission", "fields": {"codename": "change_element", "name": "Can change element", "content_type": 13}}, {"pk": 41, "model": "auth.permission", "fields": {"codename": "change_element_used", "name": "Can change element_used", "content_type": 14}}, {"pk": 50, "model": "auth.permission", "fields": {"codename": "change_userprofile", "name": "Can change user profile", "content_type": 17}}, {"pk": 44, "model": "auth.permission", "fields": {"codename": "change_variation", "name": "Can change variation", "content_type": 15}}, {"pk": 26, "model": "auth.permission", "fields": {"codename": "change_workout", "name": "Can change workout", "content_type": 9}}, {"pk": 32, "model": "auth.permission", "fields": {"codename": "change_workout_class", "name": "Can change workout_class", "content_type": 11}}, {"pk": 30, "model": "auth.permission", "fields": {"codename": "delete_class_info", "name": "Can delete class_info", "content_type": 10}}, {"pk": 48, "model": "auth.permission", "fields": {"codename": "delete_completed_element", "name": "Can delete completed_element", "content_type": 16}}, {"pk": 36, "model": "auth.permission", "fields": {"codename": "delete_completed_workout", "name": "Can delete completed_workout", "content_type": 12}}, {"pk": 39, "model": "auth.permission", "fields": {"codename": "delete_element", "name": "Can delete element", "content_type": 13}}, {"pk": 42, "model": "auth.permission", "fields": {"codename": "delete_element_used", "name": "Can delete element_used", "content_type": 14}}, {"pk": 51, "model": "auth.permission", "fields": {"codename": "delete_userprofile", "name": "Can delete user profile", "content_type": 17}}, {"pk": 45, "model": "auth.permission", "fields": {"codename": "delete_variation", "name": "Can delete variation", "content_type": 15}}, {"pk": 27, "model": "auth.permission", "fields": {"codename": "delete_workout", "name": "Can delete workout", "content_type": 9}}, {"pk": 33, "model": "auth.permission", "fields": {"codename": "delete_workout_class", "name": "Can delete workout_class", "content_type": 11}}, {"pk": 22, "model": "auth.permission", "fields": {"codename": "add_logentry", "name": "Can add log entry", "content_type": 8}}, {"pk": 23, "model": "auth.permission", "fields": {"codename": "change_logentry", "name": "Can change log entry", "content_type": 8}}, {"pk": 24, "model": "auth.permission", "fields": {"codename": "delete_logentry", "name": "Can delete log entry", "content_type": 8}}, {"pk": 4, "model": "auth.permission", "fields": {"codename": "add_group", "name": "Can add group", "content_type": 2}}, {"pk": 10, "model": "auth.permission", "fields": {"codename": "add_message", "name": "Can add message", "content_type": 4}}, {"pk": 1, "model": "auth.permission", "fields": {"codename": "add_permission", "name": "Can add permission", "content_type": 1}}, {"pk": 7, "model": "auth.permission", "fields": {"codename": "add_user", "name": "Can add user", "content_type": 3}}, {"pk": 5, "model": "auth.permission", "fields": {"codename": "change_group", "name": "Can change group", "content_type": 2}}, {"pk": 11, "model": "auth.permission", "fields": {"codename": "change_message", "name": "Can change message", "content_type": 4}}, {"pk": 2, "model": "auth.permission", "fields": {"codename": "change_permission", "name": "Can change permission", "content_type": 1}}, {"pk": 8, "model": "auth.permission", "fields": {"codename": "change_user", "name": "Can change user", "content_type": 3}}, {"pk": 6, "model": "auth.permission", "fields": {"codename": "delete_group", "name": "Can delete group", "content_type": 2}}, {"pk": 12, "model": "auth.permission", "fields": {"codename": "delete_message", "name": "Can delete message", "content_type": 4}}, {"pk": 3, "model": "auth.permission", "fields": {"codename": "delete_permission", "name": "Can delete permission", "content_type": 1}}, {"pk": 9, "model": "auth.permission", "fields": {"codename": "delete_user", "name": "Can delete user", "content_type": 3}}, {"pk": 13, "model": "auth.permission", "fields": {"codename": "add_contenttype", "name": "Can add content type", "content_type": 5}}, {"pk": 14, "model": "auth.permission", "fields": {"codename": "change_contenttype", "name": "Can change content type", "content_type": 5}}, {"pk": 15, "model": "auth.permission", "fields": {"codename": "delete_contenttype", "name": "Can delete content type", "content_type": 5}}, {"pk": 16, "model": "auth.permission", "fields": {"codename": "add_session", "name": "Can add session", "content_type": 6}}, {"pk": 17, "model": "auth.permission", "fields": {"codename": "change_session", "name": "Can change session", "content_type": 6}}, {"pk": 18, "model": "auth.permission", "fields": {"codename": "delete_session", "name": "Can delete session", "content_type": 6}}, {"pk": 19, "model": "auth.permission", "fields": {"codename": "add_site", "name": "Can add site", "content_type": 7}}, {"pk": 20, "model": "auth.permission", "fields": {"codename": "change_site", "name": "Can change site", "content_type": 7}}, {"pk": 21, "model": "auth.permission", "fields": {"codename": "delete_site", "name": "Can delete site", "content_type": 7}}, {"pk": 1, "model": "auth.user", "fields": {"username": "wade", "first_name": "Wade", "last_name": "Hirschfield", "is_active": true, "is_superuser": true, "is_staff": true, "last_login": "2009-12-14 03:29:27", "groups": [], "user_permissions": [], "password": "sha1$266f9$35484b94a464d0ddb51db98ad83042e1b6d488d9", "email": "me@me.com", "date_joined": "2009-11-25 21:58:49"}}, {"pk": 2, "model": "auth.user", "fields": {"username": "owen", "first_name": "Owen", "last_name": "Mead-Robins", "is_active": true, "is_superuser": true, "is_staff": true, "last_login": "2009-12-05 00:48:44", "groups": [], "user_permissions": [], "password": "sha1$38389$e6f96e41380c69026953ccb8183a1056f13dc88e", "email": "me@me.com", "date_joined": "2009-11-25 22:12:01"}}, {"pk": 3, "model": "auth.user", "fields": {"username": "ed", "first_name": "ed", "last_name": "smith", "is_active": true, "is_superuser": false, "is_staff": false, "last_login": "2009-12-10 12:32:17", "groups": [], "user_permissions": [], "password": "sha1$55296$8158203ba98c80159f8843031fb933f81678d5f7", "email": "", "date_joined": "2009-12-10 12:32:17"}}, {"pk": 10, "model": "contenttypes.contenttype", "fields": {"model": "class_info", "name": "class_info", "app_label": "Bren"}}, {"pk": 16, "model": "contenttypes.contenttype", "fields": {"model": "completed_element", "name": "completed_element", "app_label": "Bren"}}, {"pk": 12, "model": "contenttypes.contenttype", "fields": {"model": "completed_workout", "name": "completed_workout", "app_label": "Bren"}}, {"pk": 5, "model": "contenttypes.contenttype", "fields": {"model": "contenttype", "name": "content type", "app_label": "contenttypes"}}, {"pk": 13, "model": "contenttypes.contenttype", "fields": {"model": "element", "name": "element", "app_label": "Bren"}}, {"pk": 14, "model": "contenttypes.contenttype", "fields": {"model": "element_used", "name": "element_used", "app_label": "Bren"}}, {"pk": 2, "model": "contenttypes.contenttype", "fields": {"model": "group", "name": "group", "app_label": "auth"}}, {"pk": 8, "model": "contenttypes.contenttype", "fields": {"model": "logentry", "name": "log entry", "app_label": "admin"}}, {"pk": 4, "model": "contenttypes.contenttype", "fields": {"model": "message", "name": "message", "app_label": "auth"}}, {"pk": 1, "model": "contenttypes.contenttype", "fields": {"model": "permission", "name": "permission", "app_label": "auth"}}, {"pk": 6, "model": "contenttypes.contenttype", "fields": {"model": "session", "name": "session", "app_label": "sessions"}}, {"pk": 7, "model": "contenttypes.contenttype", "fields": {"model": "site", "name": "site", "app_label": "sites"}}, {"pk": 3, "model": "contenttypes.contenttype", "fields": {"model": "user", "name": "user", "app_label": "auth"}}, {"pk": 17, "model": "contenttypes.contenttype", "fields": {"model": "userprofile", "name": "user profile", "app_label": "Bren"}}, {"pk": 15, "model": "contenttypes.contenttype", "fields": {"model": "variation", "name": "variation", "app_label": "Bren"}}, {"pk": 9, "model": "contenttypes.contenttype", "fields": {"model": "workout", "name": "workout", "app_label": "Bren"}}, {"pk": 11, "model": "contenttypes.contenttype", "fields": {"model": "workout_class", "name": "workout_class", "app_label": "Bren"}}, {"pk": "578bab9d8964105676c8643ae835bf08", "model": "sessions.session", "fields": {"expire_date": "2009-12-28 03:29:27", "session_data": "gAJ9cQEoVRJfYXV0aF91c2VyX2JhY2tlbmRxAlUpZGphbmdvLmNvbnRyaWIuYXV0aC5iYWNrZW5k\ncy5Nb2RlbEJhY2tlbmRxA1UNX2F1dGhfdXNlcl9pZHEESwF1LmI0MTIyODg1Nzk4ZDhjMTg5YWM4\nNDUzNmJlYTRmOWYz\n"}}, {"pk": 1, "model": "sites.site", "fields": {"domain": "example.com", "name": "example.com"}}, {"pk": 3, "model": "admin.logentry", "fields": {"action_flag": 1, "action_time": "2009-12-14 11:08:02", "object_repr": "Angie  7:30 PM 2009-12-14", "object_id": "50", "change_message": "", "user": 1, "content_type": 11}}, {"pk": 2, "model": "admin.logentry", "fields": {"action_flag": 1, "action_time": "2009-12-14 11:07:56", "object_repr": "Annie 12:00 Noon 2009-12-14", "object_id": "49", "change_message": "", "user": 1, "content_type": 11}}, {"pk": 1, "model": "admin.logentry", "fields": {"action_flag": 1, "action_time": "2009-12-14 11:07:48", "object_repr": "Angie  8:00 AM 2009-12-14", "object_id": "48", "change_message": "", "user": 1, "content_type": 11}}, {"pk": 1, "model": "Bren.workout", "fields": {"rounds": 5, "workout_type": "Timed", "name": "T5R30S20P10B", "comments": "", "time": 1}}, {"pk": 2, "model": "Bren.workout", "fields": {"rounds": 1, "workout_type": "Timed", "name": "T1512963DHV", "comments": "15 - 12 - 9 - 6 - 3 ", "time": 1}}, {"pk": 3, "model": "Bren.workout", "fields": {"rounds": 5, "workout_type": "Timed", "name": "T5R4MR15P", "comments": "", "time": 1}}, {"pk": 4, "model": "Bren.workout", "fields": {"rounds": 1, "workout_type": "Timed", "name": "T1MR100D100W100K", "comments": "", "time": 1}}, {"pk": 5, "model": "Bren.workout", "fields": {"rounds": 1, "workout_type": "Timed", "name": "T21159H4MRW", "comments": "", "time": 1}}, {"pk": 6, "model": "Bren.workout", "fields": {"rounds": 1, "workout_type": "Timed", "name": "Angie ", "comments": "", "time": 1}}, {"pk": 7, "model": "Bren.workout", "fields": {"rounds": 1, "workout_type": "Timed", "name": "Jeremy", "comments": "21 - 15 - 9", "time": 1}}, {"pk": 8, "model": "Bren.workout", "fields": {"rounds": 3, "workout_type": "Timed", "name": "Christine", "comments": "", "time": 0}}, {"pk": 9, "model": "Bren.workout", "fields": {"rounds": 3, "workout_type": "Timed", "name": "Helen", "comments": "", "time": 1}}, {"pk": 10, "model": "Bren.workout", "fields": {"rounds": 3, "workout_type": "Timed", "name": "Nasty Girls", "comments": "", "time": 1}}, {"pk": 11, "model": "Bren.workout", "fields": {"rounds": 5, "workout_type": "Timed", "name": "T5R4MR30W30B", "comments": "", "time": 1}}, {"pk": 12, "model": "Bren.workout", "fields": {"rounds": 1, "workout_type": "AMRAP", "name": "Cindy", "comments": "", "time": 20}}, {"pk": 13, "model": "Bren.workout", "fields": {"rounds": 1, "workout_type": "Timed", "name": "Lumberjack 20", "comments": "", "time": 1}}, {"pk": 14, "model": "Bren.workout", "fields": {"rounds": 1, "workout_type": "AMRAP", "name": "Mary", "comments": "", "time": 20}}, {"pk": 15, "model": "Bren.workout", "fields": {"rounds": 1, "workout_type": "Timed", "name": "Annie", "comments": "50 - 40 - 30 20 -10", "time": 1}}, {"pk": 16, "model": "Bren.workout", "fields": {"rounds": 5, "workout_type": "Done", "name": "Bear Complex", "comments": "Without letting go of the bar, or resting it on the ground complete.", "time": 1}}, {"pk": 17, "model": "Bren.workout", "fields": {"rounds": 5, "workout_type": "Timed", "name": "Kelly", "comments": "", "time": 1}}, {"pk": 1, "model": "Bren.class_info", "fields": {"title": "6:15 AM"}}, {"pk": 2, "model": "Bren.class_info", "fields": {"title": "8:00 AM"}}, {"pk": 3, "model": "Bren.class_info", "fields": {"title": "9:00 AM"}}, {"pk": 4, "model": "Bren.class_info", "fields": {"title": "12:00 Noon"}}, {"pk": 5, "model": "Bren.class_info", "fields": {"title": "4:00 PM"}}, {"pk": 6, "model": "Bren.class_info", "fields": {"title": "5:00 PM"}}, {"pk": 7, "model": "Bren.class_info", "fields": {"title": "5:30 PM I am Crossfit"}}, {"pk": 8, "model": "Bren.class_info", "fields": {"title": "6:30 PM"}}, {"pk": 9, "model": "Bren.class_info", "fields": {"title": "7:30 PM I am CrossFit"}}, {"pk": 10, "model": "Bren.class_info", "fields": {"title": "7:30 PM"}}, {"pk": 1, "model": "Bren.workout_class", "fields": {"date": "2009-11-30", "workout": 6, "class_info": 4}}, {"pk": 2, "model": "Bren.workout_class", "fields": {"date": "2009-11-30", "workout": 6, "class_info": 6}}, {"pk": 3, "model": "Bren.workout_class", "fields": {"date": "2009-11-30", "workout": 6, "class_info": 8}}, {"pk": 4, "model": "Bren.workout_class", "fields": {"date": "2009-11-30", "workout": 6, "class_info": 9}}, {"pk": 5, "model": "Bren.workout_class", "fields": {"date": "2009-12-01", "workout": 7, "class_info": 1}}, {"pk": 6, "model": "Bren.workout_class", "fields": {"date": "2009-12-01", "workout": 7, "class_info": 5}}, {"pk": 7, "model": "Bren.workout_class", "fields": {"date": "2009-12-01", "workout": 7, "class_info": 6}}, {"pk": 8, "model": "Bren.workout_class", "fields": {"date": "2009-12-01", "workout": 7, "class_info": 8}}, {"pk": 9, "model": "Bren.workout_class", "fields": {"date": "2009-12-01", "workout": 7, "class_info": 10}}, {"pk": 10, "model": "Bren.workout_class", "fields": {"date": "2009-12-02", "workout": 8, "class_info": 4}}, {"pk": 11, "model": "Bren.workout_class", "fields": {"date": "2009-12-02", "workout": 8, "class_info": 6}}, {"pk": 12, "model": "Bren.workout_class", "fields": {"date": "2009-12-02", "workout": 8, "class_info": 8}}, {"pk": 13, "model": "Bren.workout_class", "fields": {"date": "2009-12-02", "workout": 8, "class_info": 9}}, {"pk": 14, "model": "Bren.workout_class", "fields": {"date": "2009-12-03", "workout": 9, "class_info": 1}}, {"pk": 15, "model": "Bren.workout_class", "fields": {"date": "2009-12-03", "workout": 9, "class_info": 5}}, {"pk": 16, "model": "Bren.workout_class", "fields": {"date": "2009-12-03", "workout": 9, "class_info": 6}}, {"pk": 17, "model": "Bren.workout_class", "fields": {"date": "2009-12-03", "workout": 9, "class_info": 8}}, {"pk": 18, "model": "Bren.workout_class", "fields": {"date": "2009-12-03", "workout": 9, "class_info": 10}}, {"pk": 19, "model": "Bren.workout_class", "fields": {"date": "2009-12-04", "workout": 10, "class_info": 4}}, {"pk": 20, "model": "Bren.workout_class", "fields": {"date": "2009-12-04", "workout": 10, "class_info": 7}}, {"pk": 21, "model": "Bren.workout_class", "fields": {"date": "2009-12-05", "workout": 1, "class_info": 2}}, {"pk": 22, "model": "Bren.workout_class", "fields": {"date": "2009-12-05", "workout": 1, "class_info": 3}}, {"pk": 23, "model": "Bren.workout_class", "fields": {"date": "2009-12-19", "workout": 12, "class_info": 2}}, {"pk": 24, "model": "Bren.workout_class", "fields": {"date": "2009-12-19", "workout": 6, "class_info": 10}}, {"pk": 25, "model": "Bren.workout_class", "fields": {"date": "2009-12-07", "workout": 13, "class_info": 4}}, {"pk": 26, "model": "Bren.workout_class", "fields": {"date": "2009-12-07", "workout": 13, "class_info": 6}}, {"pk": 27, "model": "Bren.workout_class", "fields": {"date": "2009-12-07", "workout": 13, "class_info": 8}}, {"pk": 28, "model": "Bren.workout_class", "fields": {"date": "2009-12-07", "workout": 13, "class_info": 9}}, {"pk": 29, "model": "Bren.workout_class", "fields": {"date": "2009-12-08", "workout": 10, "class_info": 1}}, {"pk": 30, "model": "Bren.workout_class", "fields": {"date": "2009-12-08", "workout": 10, "class_info": 5}}, {"pk": 31, "model": "Bren.workout_class", "fields": {"date": "2009-12-08", "workout": 10, "class_info": 6}}, {"pk": 32, "model": "Bren.workout_class", "fields": {"date": "2009-12-08", "workout": 10, "class_info": 8}}, {"pk": 33, "model": "Bren.workout_class", "fields": {"date": "2009-12-08", "workout": 10, "class_info": 10}}, {"pk": 34, "model": "Bren.workout_class", "fields": {"date": "2009-12-09", "workout": 14, "class_info": 4}}, {"pk": 35, "model": "Bren.workout_class", "fields": {"date": "2009-12-09", "workout": 14, "class_info": 6}}, {"pk": 36, "model": "Bren.workout_class", "fields": {"date": "2009-12-09", "workout": 14, "class_info": 8}}, {"pk": 37, "model": "Bren.workout_class", "fields": {"date": "2009-12-09", "workout": 14, "class_info": 9}}, {"pk": 38, "model": "Bren.workout_class", "fields": {"date": "2009-12-10", "workout": 15, "class_info": 1}}, {"pk": 39, "model": "Bren.workout_class", "fields": {"date": "2009-12-10", "workout": 15, "class_info": 5}}, {"pk": 40, "model": "Bren.workout_class", "fields": {"date": "2009-12-10", "workout": 15, "class_info": 6}}, {"pk": 41, "model": "Bren.workout_class", "fields": {"date": "2009-12-10", "workout": 15, "class_info": 8}}, {"pk": 42, "model": "Bren.workout_class", "fields": {"date": "2009-12-10", "workout": 15, "class_info": 10}}, {"pk": 43, "model": "Bren.workout_class", "fields": {"date": "2009-12-11", "workout": 16, "class_info": 4}}, {"pk": 44, "model": "Bren.workout_class", "fields": {"date": "2009-12-11", "workout": 16, "class_info": 7}}, {"pk": 45, "model": "Bren.workout_class", "fields": {"date": "2009-12-12", "workout": 17, "class_info": 2}}, {"pk": 46, "model": "Bren.workout_class", "fields": {"date": "2009-12-12", "workout": 17, "class_info": 3}}, {"pk": 47, "model": "Bren.workout_class", "fields": {"date": "2009-12-06", "workout": 6, "class_info": 1}}, {"pk": 48, "model": "Bren.workout_class", "fields": {"date": "2009-12-14", "workout": 6, "class_info": 2}}, {"pk": 49, "model": "Bren.workout_class", "fields": {"date": "2009-12-14", "workout": 15, "class_info": 4}}, {"pk": 50, "model": "Bren.workout_class", "fields": {"date": "2009-12-14", "workout": 6, "class_info": 10}}, {"pk": 1, "model": "Bren.completed_workout", "fields": {"secs": 2218, "rounds": 0, "user": 2, "workout_class": 1}}, {"pk": 4, "model": "Bren.completed_workout", "fields": {"secs": 1410, "rounds": 0, "user": 1, "workout_class": 1}}, {"pk": 5, "model": "Bren.completed_workout", "fields": {"secs": 1445, "rounds": 0, "user": 1, "workout_class": 3}}, {"pk": 6, "model": "Bren.completed_workout", "fields": {"secs": 298, "rounds": 0, "user": 1, "workout_class": 14}}, {"pk": 7, "model": "Bren.completed_workout", "fields": {"secs": 0, "rounds": 5, "user": 1, "workout_class": 23}}, {"pk": 8, "model": "Bren.completed_workout", "fields": {"secs": 0, "rounds": 0, "user": 1, "workout_class": 21}}, {"pk": 9, "model": "Bren.completed_workout", "fields": {"secs": 656, "rounds": 0, "user": 2, "workout_class": 14}}, {"pk": 10, "model": "Bren.completed_workout", "fields": {"secs": 0, "rounds": 0, "user": 1, "workout_class": 19}}, {"pk": 11, "model": "Bren.completed_workout", "fields": {"secs": 1800, "rounds": 0, "user": 1, "workout_class": 24}}, {"pk": 12, "model": "Bren.completed_workout", "fields": {"secs": 0, "rounds": 5, "user": 2, "workout_class": 34}}, {"pk": 13, "model": "Bren.completed_workout", "fields": {"secs": 45, "rounds": 0, "user": 2, "workout_class": 5}}, {"pk": 14, "model": "Bren.completed_workout", "fields": {"secs": 30, "rounds": 0, "user": 2, "workout_class": 6}}, {"pk": 15, "model": "Bren.completed_workout", "fields": {"secs": 775, "rounds": 0, "user": 2, "workout_class": 47}}, {"pk": 1, "model": "Bren.element", "fields": {"name": "Squat"}}, {"pk": 2, "model": "Bren.element", "fields": {"name": "Pullups"}}, {"pk": 3, "model": "Bren.element", "fields": {"name": "Burpees"}}, {"pk": 4, "model": "Bren.element", "fields": {"name": "Deadlifts"}}, {"pk": 5, "model": "Bren.element", "fields": {"name": "Handstand pushups"}}, {"pk": 6, "model": "Bren.element", "fields": {"name": "1' Jump"}}, {"pk": 7, "model": "Bren.element", "fields": {"name": "400M Run"}}, {"pk": 8, "model": "Bren.element", "fields": {"name": "Power cleans"}}, {"pk": 9, "model": "Bren.element", "fields": {"name": "Mile run"}}, {"pk": 10, "model": "Bren.element", "fields": {"name": "Double unders"}}, {"pk": 11, "model": "Bren.element", "fields": {"name": "Walking lunges"}}, {"pk": 12, "model": "Bren.element", "fields": {"name": "Power snatch"}}, {"pk": 13, "model": "Bren.element", "fields": {"name": "Weighted pullups"}}, {"pk": 14, "model": "Bren.element", "fields": {"name": "KB power snatch"}}, {"pk": 15, "model": "Bren.element", "fields": {"name": "Pushups"}}, {"pk": 16, "model": "Bren.element", "fields": {"name": "Situps"}}, {"pk": 17, "model": "Bren.element", "fields": {"name": "Overhead Squat"}}, {"pk": 18, "model": "Bren.element", "fields": {"name": "500M Row"}}, {"pk": 19, "model": "Bren.element", "fields": {"name": "Box Jumps"}}, {"pk": 20, "model": "Bren.element", "fields": {"name": "KB Swing"}}, {"pk": 21, "model": "Bren.element", "fields": {"name": "Muscleups"}}, {"pk": 22, "model": "Bren.element", "fields": {"name": "Hang Power Clean"}}, {"pk": 23, "model": "Bren.element", "fields": {"name": "Wall Ball"}}, {"pk": 24, "model": "Bren.element", "fields": {"name": "Air Squats"}}, {"pk": 25, "model": "Bren.element", "fields": {"name": "DB Squat Clean"}}, {"pk": 26, "model": "Bren.element", "fields": {"name": "Pistol"}}, {"pk": 27, "model": "Bren.element", "fields": {"name": "Front Squat"}}, {"pk": 28, "model": "Bren.element", "fields": {"name": "Push press"}}, {"pk": 29, "model": "Bren.element", "fields": {"name": "Back Squat"}}, {"pk": 1, "model": "Bren.element_used", "fields": {"workout": 1, "reps": 30, "order": 1, "element": 24}}, {"pk": 2, "model": "Bren.element_used", "fields": {"workout": 1, "reps": 20, "order": 2, "element": 2}}, {"pk": 3, "model": "Bren.element_used", "fields": {"workout": 1, "reps": 10, "order": 3, "element": 3}}, {"pk": 4, "model": "Bren.element_used", "fields": {"workout": 2, "reps": 15, "order": 1, "element": 4}}, {"pk": 5, "model": "Bren.element_used", "fields": {"workout": 2, "reps": 15, "order": 2, "element": 5}}, {"pk": 6, "model": "Bren.element_used", "fields": {"workout": 2, "reps": 15, "order": 3, "element": 6}}, {"pk": 7, "model": "Bren.element_used", "fields": {"workout": 2, "reps": 12, "order": 4, "element": 4}}, {"pk": 8, "model": "Bren.element_used", "fields": {"workout": 2, "reps": 12, "order": 5, "element": 5}}, {"pk": 9, "model": "Bren.element_used", "fields": {"workout": 2, "reps": 12, "order": 6, "element": 6}}, {"pk": 10, "model": "Bren.element_used", "fields": {"workout": 2, "reps": 9, "order": 7, "element": 4}}, {"pk": 11, "model": "Bren.element_used", "fields": {"workout": 2, "reps": 9, "order": 8, "element": 5}}, {"pk": 12, "model": "Bren.element_used", "fields": {"workout": 2, "reps": 9, "order": 9, "element": 6}}, {"pk": 13, "model": "Bren.element_used", "fields": {"workout": 2, "reps": 6, "order": 10, "element": 4}}, {"pk": 14, "model": "Bren.element_used", "fields": {"workout": 2, "reps": 6, "order": 11, "element": 5}}, {"pk": 15, "model": "Bren.element_used", "fields": {"workout": 2, "reps": 6, "order": 12, "element": 6}}, {"pk": 16, "model": "Bren.element_used", "fields": {"workout": 2, "reps": 3, "order": 13, "element": 4}}, {"pk": 17, "model": "Bren.element_used", "fields": {"workout": 2, "reps": 3, "order": 14, "element": 5}}, {"pk": 18, "model": "Bren.element_used", "fields": {"workout": 2, "reps": 3, "order": 15, "element": 6}}, {"pk": 19, "model": "Bren.element_used", "fields": {"workout": 3, "reps": 1, "order": 1, "element": 7}}, {"pk": 20, "model": "Bren.element_used", "fields": {"workout": 3, "reps": 15, "order": 2, "element": 8}}, {"pk": 21, "model": "Bren.element_used", "fields": {"workout": 4, "reps": 1, "order": 1, "element": 9}}, {"pk": 22, "model": "Bren.element_used", "fields": {"workout": 4, "reps": 100, "order": 2, "element": 10}}, {"pk": 23, "model": "Bren.element_used", "fields": {"workout": 4, "reps": 100, "order": 3, "element": 11}}, {"pk": 24, "model": "Bren.element_used", "fields": {"workout": 4, "reps": 100, "order": 4, "element": 14}}, {"pk": 25, "model": "Bren.element_used", "fields": {"workout": 5, "reps": 21, "order": 1, "element": 5}}, {"pk": 26, "model": "Bren.element_used", "fields": {"workout": 5, "reps": 1, "order": 2, "element": 7}}, {"pk": 27, "model": "Bren.element_used", "fields": {"workout": 5, "reps": 21, "order": 3, "element": 13}}, {"pk": 28, "model": "Bren.element_used", "fields": {"workout": 5, "reps": 15, "order": 4, "element": 5}}, {"pk": 29, "model": "Bren.element_used", "fields": {"workout": 5, "reps": 1, "order": 5, "element": 7}}, {"pk": 30, "model": "Bren.element_used", "fields": {"workout": 5, "reps": 15, "order": 6, "element": 13}}, {"pk": 31, "model": "Bren.element_used", "fields": {"workout": 5, "reps": 9, "order": 7, "element": 5}}, {"pk": 32, "model": "Bren.element_used", "fields": {"workout": 5, "reps": 1, "order": 8, "element": 7}}, {"pk": 33, "model": "Bren.element_used", "fields": {"workout": 5, "reps": 9, "order": 9, "element": 13}}, {"pk": 34, "model": "Bren.element_used", "fields": {"workout": 6, "reps": 100, "order": 1, "element": 2}}, {"pk": 35, "model": "Bren.element_used", "fields": {"workout": 6, "reps": 100, "order": 2, "element": 15}}, {"pk": 36, "model": "Bren.element_used", "fields": {"workout": 6, "reps": 100, "order": 3, "element": 16}}, {"pk": 37, "model": "Bren.element_used", "fields": {"workout": 6, "reps": 100, "order": 4, "element": 24}}, {"pk": 38, "model": "Bren.element_used", "fields": {"workout": 7, "reps": 21, "order": 1, "element": 17}}, {"pk": 39, "model": "Bren.element_used", "fields": {"workout": 7, "reps": 21, "order": 2, "element": 3}}, {"pk": 44, "model": "Bren.element_used", "fields": {"workout": 8, "reps": 1, "order": 1, "element": 18}}, {"pk": 45, "model": "Bren.element_used", "fields": {"workout": 8, "reps": 12, "order": 2, "element": 4}}, {"pk": 46, "model": "Bren.element_used", "fields": {"workout": 8, "reps": 21, "order": 3, "element": 19}}, {"pk": 47, "model": "Bren.element_used", "fields": {"workout": 9, "reps": 1, "order": 1, "element": 7}}, {"pk": 48, "model": "Bren.element_used", "fields": {"workout": 9, "reps": 21, "order": 2, "element": 20}}, {"pk": 49, "model": "Bren.element_used", "fields": {"workout": 9, "reps": 12, "order": 3, "element": 2}}, {"pk": 50, "model": "Bren.element_used", "fields": {"workout": 10, "reps": 50, "order": 1, "element": 24}}, {"pk": 51, "model": "Bren.element_used", "fields": {"workout": 10, "reps": 7, "order": 2, "element": 21}}, {"pk": 52, "model": "Bren.element_used", "fields": {"workout": 10, "reps": 10, "order": 3, "element": 22}}, {"pk": 53, "model": "Bren.element_used", "fields": {"workout": 11, "reps": 1, "order": 1, "element": 7}}, {"pk": 54, "model": "Bren.element_used", "fields": {"workout": 11, "reps": 30, "order": 2, "element": 23}}, {"pk": 55, "model": "Bren.element_used", "fields": {"workout": 11, "reps": 30, "order": 3, "element": 19}}, {"pk": 56, "model": "Bren.element_used", "fields": {"workout": 7, "reps": 15, "order": 3, "element": 17}}, {"pk": 57, "model": "Bren.element_used", "fields": {"workout": 7, "reps": 15, "order": 4, "element": 3}}, {"pk": 58, "model": "Bren.element_used", "fields": {"workout": 7, "reps": 9, "order": 5, "element": 17}}, {"pk": 59, "model": "Bren.element_used", "fields": {"workout": 7, "reps": 9, "order": 6, "element": 3}}, {"pk": 60, "model": "Bren.element_used", "fields": {"workout": 12, "reps": 5, "order": 1, "element": 2}}, {"pk": 61, "model": "Bren.element_used", "fields": {"workout": 12, "reps": 10, "order": 2, "element": 15}}, {"pk": 62, "model": "Bren.element_used", "fields": {"workout": 12, "reps": 15, "order": 3, "element": 1}}, {"pk": 63, "model": "Bren.element_used", "fields": {"workout": 13, "reps": 20, "order": 1, "element": 4}}, {"pk": 64, "model": "Bren.element_used", "fields": {"workout": 13, "reps": 1, "order": 2, "element": 7}}, {"pk": 65, "model": "Bren.element_used", "fields": {"workout": 13, "reps": 20, "order": 3, "element": 20}}, {"pk": 66, "model": "Bren.element_used", "fields": {"workout": 13, "reps": 1, "order": 4, "element": 7}}, {"pk": 67, "model": "Bren.element_used", "fields": {"workout": 13, "reps": 20, "order": 5, "element": 17}}, {"pk": 68, "model": "Bren.element_used", "fields": {"workout": 13, "reps": 1, "order": 6, "element": 7}}, {"pk": 69, "model": "Bren.element_used", "fields": {"workout": 13, "reps": 20, "order": 7, "element": 3}}, {"pk": 70, "model": "Bren.element_used", "fields": {"workout": 13, "reps": 1, "order": 8, "element": 7}}, {"pk": 71, "model": "Bren.element_used", "fields": {"workout": 13, "reps": 20, "order": 9, "element": 2}}, {"pk": 72, "model": "Bren.element_used", "fields": {"workout": 13, "reps": 1, "order": 10, "element": 7}}, {"pk": 73, "model": "Bren.element_used", "fields": {"workout": 13, "reps": 20, "order": 11, "element": 19}}, {"pk": 74, "model": "Bren.element_used", "fields": {"workout": 13, "reps": 1, "order": 12, "element": 7}}, {"pk": 75, "model": "Bren.element_used", "fields": {"workout": 13, "reps": 20, "order": 13, "element": 25}}, {"pk": 76, "model": "Bren.element_used", "fields": {"workout": 13, "reps": 1, "order": 14, "element": 7}}, {"pk": 77, "model": "Bren.element_used", "fields": {"workout": 14, "reps": 5, "order": 1, "element": 5}}, {"pk": 78, "model": "Bren.element_used", "fields": {"workout": 14, "reps": 10, "order": 2, "element": 26}}, {"pk": 79, "model": "Bren.element_used", "fields": {"workout": 14, "reps": 15, "order": 3, "element": 2}}, {"pk": 80, "model": "Bren.element_used", "fields": {"workout": 15, "reps": 50, "order": 1, "element": 10}}, {"pk": 81, "model": "Bren.element_used", "fields": {"workout": 15, "reps": 50, "order": 2, "element": 16}}, {"pk": 82, "model": "Bren.element_used", "fields": {"workout": 15, "reps": 40, "order": 3, "element": 10}}, {"pk": 83, "model": "Bren.element_used", "fields": {"workout": 15, "reps": 40, "order": 4, "element": 16}}, {"pk": 84, "model": "Bren.element_used", "fields": {"workout": 15, "reps": 30, "order": 5, "element": 10}}, {"pk": 85, "model": "Bren.element_used", "fields": {"workout": 15, "reps": 30, "order": 6, "element": 16}}, {"pk": 86, "model": "Bren.element_used", "fields": {"workout": 15, "reps": 20, "order": 7, "element": 10}}, {"pk": 87, "model": "Bren.element_used", "fields": {"workout": 15, "reps": 20, "order": 8, "element": 16}}, {"pk": 88, "model": "Bren.element_used", "fields": {"workout": 15, "reps": 10, "order": 9, "element": 10}}, {"pk": 89, "model": "Bren.element_used", "fields": {"workout": 15, "reps": 10, "order": 10, "element": 16}}, {"pk": 90, "model": "Bren.element_used", "fields": {"workout": 16, "reps": 7, "order": 1, "element": 8}}, {"pk": 91, "model": "Bren.element_used", "fields": {"workout": 16, "reps": 7, "order": 2, "element": 27}}, {"pk": 92, "model": "Bren.element_used", "fields": {"workout": 16, "reps": 7, "order": 3, "element": 28}}, {"pk": 93, "model": "Bren.element_used", "fields": {"workout": 16, "reps": 7, "order": 4, "element": 29}}, {"pk": 94, "model": "Bren.element_used", "fields": {"workout": 16, "reps": 7, "order": 5, "element": 28}}, {"pk": 95, "model": "Bren.element_used", "fields": {"workout": 17, "reps": 1, "order": 1, "element": 7}}, {"pk": 96, "model": "Bren.element_used", "fields": {"workout": 17, "reps": 30, "order": 2, "element": 23}}, {"pk": 97, "model": "Bren.element_used", "fields": {"workout": 17, "reps": 30, "order": 3, "element": 19}}, {"pk": 1, "model": "Bren.variation", "fields": {"name": "Kipping", "element": 2}}, {"pk": 2, "model": "Bren.variation", "fields": {"name": "Jumping", "element": 2}}, {"pk": 3, "model": "Bren.variation", "fields": {"name": "1\" Band", "element": 2}}, {"pk": 4, "model": "Bren.variation", "fields": {"name": "1.5\" Band", "element": 2}}, {"pk": 5, "model": "Bren.variation", "fields": {"name": "2\" Band", "element": 2}}, {"pk": 6, "model": "Bren.variation", "fields": {"name": "3\" Band", "element": 2}}, {"pk": 7, "model": "Bren.variation", "fields": {"name": "Wall", "element": 15}}, {"pk": 8, "model": "Bren.variation", "fields": {"name": "Knee", "element": 15}}, {"pk": 9, "model": "Bren.variation", "fields": {"name": "Toe", "element": 15}}, {"pk": 10, "model": "Bren.variation", "fields": {"name": "Ab mat", "element": 16}}, {"pk": 11, "model": "Bren.variation", "fields": {"name": "Regular", "element": 16}}, {"pk": 12, "model": "Bren.variation", "fields": {"name": "Regular", "element": 24}}, {"pk": 13, "model": "Bren.variation", "fields": {"name": "PVC Pipe", "element": 17}}, {"pk": 14, "model": "Bren.variation", "fields": {"name": "6\"", "element": 19}}, {"pk": 15, "model": "Bren.variation", "fields": {"name": "12\"", "element": 19}}, {"pk": 16, "model": "Bren.variation", "fields": {"name": "16\"", "element": 19}}, {"pk": 17, "model": "Bren.variation", "fields": {"name": "18\"", "element": 19}}, {"pk": 18, "model": "Bren.variation", "fields": {"name": "20\"", "element": 19}}, {"pk": 19, "model": "Bren.variation", "fields": {"name": "24\"", "element": 19}}, {"pk": 20, "model": "Bren.variation", "fields": {"name": "36\"", "element": 19}}, {"pk": 21, "model": "Bren.variation", "fields": {"name": "15 lbs", "element": 4}}, {"pk": 22, "model": "Bren.variation", "fields": {"name": "30 lbs", "element": 4}}, {"pk": 23, "model": "Bren.variation", "fields": {"name": "45 lbs", "element": 4}}, {"pk": 24, "model": "Bren.variation", "fields": {"name": "60 lbs", "element": 4}}, {"pk": 25, "model": "Bren.variation", "fields": {"name": "75 lbs", "element": 4}}, {"pk": 26, "model": "Bren.variation", "fields": {"name": "90 lbs", "element": 4}}, {"pk": 27, "model": "Bren.variation", "fields": {"name": "100 lbs", "element": 4}}, {"pk": 28, "model": "Bren.variation", "fields": {"name": "110 lbs", "element": 4}}, {"pk": 29, "model": "Bren.variation", "fields": {"name": "120 lbs", "element": 4}}, {"pk": 30, "model": "Bren.variation", "fields": {"name": "130 lbs", "element": 4}}, {"pk": 31, "model": "Bren.variation", "fields": {"name": "140 lbs", "element": 4}}, {"pk": 32, "model": "Bren.variation", "fields": {"name": "150 lbs", "element": 4}}, {"pk": 33, "model": "Bren.variation", "fields": {"name": "160 lbs", "element": 4}}, {"pk": 34, "model": "Bren.variation", "fields": {"name": "170 lbs", "element": 4}}, {"pk": 35, "model": "Bren.variation", "fields": {"name": "180 lbs", "element": 4}}, {"pk": 36, "model": "Bren.variation", "fields": {"name": "190 lbs", "element": 4}}, {"pk": 37, "model": "Bren.variation", "fields": {"name": "200 lbs", "element": 4}}, {"pk": 38, "model": "Bren.variation", "fields": {"name": "210 lbs", "element": 4}}, {"pk": 39, "model": "Bren.variation", "fields": {"name": "PVC Pipe", "element": 4}}, {"pk": 40, "model": "Bren.variation", "fields": {"name": "10 lbs", "element": 20}}, {"pk": 41, "model": "Bren.variation", "fields": {"name": "15 lbs", "element": 20}}, {"pk": 42, "model": "Bren.variation", "fields": {"name": "20 lbs", "element": 20}}, {"pk": 43, "model": "Bren.variation", "fields": {"name": "25 lbs", "element": 20}}, {"pk": 44, "model": "Bren.variation", "fields": {"name": "30 lbs", "element": 20}}, {"pk": 45, "model": "Bren.variation", "fields": {"name": "35 lbs", "element": 20}}, {"pk": 46, "model": "Bren.variation", "fields": {"name": "40 lbs", "element": 20}}, {"pk": 47, "model": "Bren.variation", "fields": {"name": "45 lbs", "element": 20}}, {"pk": 48, "model": "Bren.variation", "fields": {"name": "50 lbs", "element": 20}}, {"pk": 49, "model": "Bren.variation", "fields": {"name": "55 lbs", "element": 20}}, {"pk": 50, "model": "Bren.variation", "fields": {"name": "75 lbs", "element": 20}}, {"pk": 51, "model": "Bren.variation", "fields": {"name": "1\" Band", "element": 21}}, {"pk": 52, "model": "Bren.variation", "fields": {"name": "1.5\" Band", "element": 21}}, {"pk": 53, "model": "Bren.variation", "fields": {"name": "2\" Band", "element": 21}}, {"pk": 54, "model": "Bren.variation", "fields": {"name": "3\" Band", "element": 21}}, {"pk": 55, "model": "Bren.variation", "fields": {"name": "Pullup + Ring Dip", "element": 21}}, {"pk": 56, "model": "Bren.variation", "fields": {"name": "PVC Pipe", "element": 22}}, {"pk": 57, "model": "Bren.variation", "fields": {"name": "15 lbs", "element": 22}}, {"pk": 58, "model": "Bren.variation", "fields": {"name": "30 lbs", "element": 22}}, {"pk": 59, "model": "Bren.variation", "fields": {"name": "45 lbs", "element": 22}}, {"pk": 60, "model": "Bren.variation", "fields": {"name": "60 lbs", "element": 22}}, {"pk": 61, "model": "Bren.variation", "fields": {"name": "75 lbs", "element": 22}}, {"pk": 62, "model": "Bren.variation", "fields": {"name": "95 lbs", "element": 22}}, {"pk": 63, "model": "Bren.variation", "fields": {"name": "110 lbs", "element": 22}}, {"pk": 64, "model": "Bren.variation", "fields": {"name": "120 lbs", "element": 22}}, {"pk": 65, "model": "Bren.variation", "fields": {"name": "135 lbs", "element": 22}}, {"pk": 66, "model": "Bren.variation", "fields": {"name": "4 lbs 9' target", "element": 23}}, {"pk": 67, "model": "Bren.variation", "fields": {"name": "6 lbs 9' target", "element": 23}}, {"pk": 68, "model": "Bren.variation", "fields": {"name": "8 lbs 9' target", "element": 23}}, {"pk": 69, "model": "Bren.variation", "fields": {"name": "10 lbs 9' target", "element": 23}}, {"pk": 70, "model": "Bren.variation", "fields": {"name": "12 lbs 9' target", "element": 23}}, {"pk": 71, "model": "Bren.variation", "fields": {"name": "14 lbs 9' target", "element": 23}}, {"pk": 72, "model": "Bren.variation", "fields": {"name": "4 lbs 10' target", "element": 23}}, {"pk": 73, "model": "Bren.variation", "fields": {"name": "6 lbs 10' target", "element": 23}}, {"pk": 74, "model": "Bren.variation", "fields": {"name": "8 lbs 10' target", "element": 23}}, {"pk": 75, "model": "Bren.variation", "fields": {"name": "10 lbs 10' target", "element": 23}}, {"pk": 76, "model": "Bren.variation", "fields": {"name": "12 lbs 10' target", "element": 23}}, {"pk": 77, "model": "Bren.variation", "fields": {"name": "14 lbs 10' target", "element": 23}}, {"pk": 78, "model": "Bren.variation", "fields": {"name": "16 lbs 10' target", "element": 23}}, {"pk": 79, "model": "Bren.variation", "fields": {"name": "18 lbs 10' target", "element": 23}}, {"pk": 80, "model": "Bren.variation", "fields": {"name": "20 lbs 10' target", "element": 23}}, {"pk": 81, "model": "Bren.variation", "fields": {"name": "4 Point", "element": 3}}, {"pk": 82, "model": "Bren.variation", "fields": {"name": "6 point", "element": 3}}, {"pk": 83, "model": "Bren.variation", "fields": {"name": "Box", "element": 5}}, {"pk": 84, "model": "Bren.variation", "fields": {"name": "Wall", "element": 5}}, {"pk": 85, "model": "Bren.variation", "fields": {"name": "Banded", "element": 5}}, {"pk": 86, "model": "Bren.variation", "fields": {"name": "Regular", "element": 5}}, {"pk": 87, "model": "Bren.variation", "fields": {"name": "Regular", "element": 6}}, {"pk": 88, "model": "Bren.variation", "fields": {"name": "Regular", "element": 7}}, {"pk": 89, "model": "Bren.variation", "fields": {"name": "Regular", "element": 9}}, {"pk": 90, "model": "Bren.variation", "fields": {"name": "Regular", "element": 10}}, {"pk": 91, "model": "Bren.variation", "fields": {"name": "3x singles", "element": 10}}, {"pk": 92, "model": "Bren.variation", "fields": {"name": "Regular", "element": 11}}, {"pk": 93, "model": "Bren.variation", "fields": {"name": "Regular", "element": 18}}, {"pk": 94, "model": "Bren.variation", "fields": {"name": "Regular", "element": 1}}, {"pk": 95, "model": "Bren.variation", "fields": {"name": "Regular", "element": 21}}, {"pk": 96, "model": "Bren.variation", "fields": {"name": "No weight", "element": 13}}, {"pk": 97, "model": "Bren.variation", "fields": {"name": "5 lbs", "element": 13}}, {"pk": 98, "model": "Bren.variation", "fields": {"name": "10 lbs", "element": 13}}, {"pk": 99, "model": "Bren.variation", "fields": {"name": "15 lbs", "element": 13}}, {"pk": 100, "model": "Bren.variation", "fields": {"name": "20 lbs", "element": 13}}, {"pk": 101, "model": "Bren.variation", "fields": {"name": "> 20 lbs", "element": 13}}, {"pk": 102, "model": "Bren.variation", "fields": {"name": "220 lbs", "element": 4}}, {"pk": 103, "model": "Bren.variation", "fields": {"name": "230 lbs", "element": 4}}, {"pk": 104, "model": "Bren.variation", "fields": {"name": "240 lbs", "element": 4}}, {"pk": 105, "model": "Bren.variation", "fields": {"name": "250 lbs", "element": 4}}, {"pk": 106, "model": "Bren.variation", "fields": {"name": "260 lbs", "element": 4}}, {"pk": 107, "model": "Bren.variation", "fields": {"name": "275 lbs", "element": 4}}, {"pk": 108, "model": "Bren.variation", "fields": {"name": "15 lbs", "element": 17}}, {"pk": 109, "model": "Bren.variation", "fields": {"name": "30 lbs", "element": 17}}, {"pk": 110, "model": "Bren.variation", "fields": {"name": "45 lbs", "element": 17}}, {"pk": 111, "model": "Bren.variation", "fields": {"name": "60 lbs", "element": 17}}, {"pk": 112, "model": "Bren.variation", "fields": {"name": "75 lbs", "element": 17}}, {"pk": 113, "model": "Bren.variation", "fields": {"name": "90 lbs", "element": 17}}, {"pk": 114, "model": "Bren.variation", "fields": {"name": "100 lbs", "element": 17}}, {"pk": 115, "model": "Bren.variation", "fields": {"name": "115 lbs", "element": 17}}, {"pk": 116, "model": "Bren.variation", "fields": {"name": "5 lbs", "element": 25}}, {"pk": 117, "model": "Bren.variation", "fields": {"name": "15 lbs", "element": 25}}, {"pk": 118, "model": "Bren.variation", "fields": {"name": "25 lbs", "element": 25}}, {"pk": 119, "model": "Bren.variation", "fields": {"name": "35 lbs", "element": 25}}, {"pk": 120, "model": "Bren.variation", "fields": {"name": "45 lbs", "element": 25}}, {"pk": 121, "model": "Bren.variation", "fields": {"name": "PVC Pipe", "element": 22}}, {"pk": 122, "model": "Bren.variation", "fields": {"name": "15 lbs", "element": 22}}, {"pk": 123, "model": "Bren.variation", "fields": {"name": "30 lbs", "element": 22}}, {"pk": 124, "model": "Bren.variation", "fields": {"name": "45 lbs", "element": 22}}, {"pk": 125, "model": "Bren.variation", "fields": {"name": "55 lbs", "element": 22}}, {"pk": 126, "model": "Bren.variation", "fields": {"name": "65 lbs", "element": 22}}, {"pk": 127, "model": "Bren.variation", "fields": {"name": "75 lbs", "element": 22}}, {"pk": 128, "model": "Bren.variation", "fields": {"name": "85 lbs", "element": 22}}, {"pk": 129, "model": "Bren.variation", "fields": {"name": "95 lbs", "element": 22}}, {"pk": 130, "model": "Bren.variation", "fields": {"name": "105 lbs", "element": 22}}, {"pk": 131, "model": "Bren.variation", "fields": {"name": "115 lbs", "element": 22}}, {"pk": 132, "model": "Bren.variation", "fields": {"name": "125 lbs", "element": 22}}, {"pk": 133, "model": "Bren.variation", "fields": {"name": "135 lbs", "element": 22}}, {"pk": 134, "model": "Bren.variation", "fields": {"name": "Regular", "element": 26}}, {"pk": 135, "model": "Bren.variation", "fields": {"name": "Regular", "element": 14}}, {"pk": 136, "model": "Bren.variation", "fields": {"name": "PVC Pipe", "element": 8}}, {"pk": 137, "model": "Bren.variation", "fields": {"name": "15 lbs", "element": 8}}, {"pk": 138, "model": "Bren.variation", "fields": {"name": "30 lbs", "element": 8}}, {"pk": 139, "model": "Bren.variation", "fields": {"name": "45 lbs", "element": 8}}, {"pk": 140, "model": "Bren.variation", "fields": {"name": "55 lbs", "element": 8}}, {"pk": 141, "model": "Bren.variation", "fields": {"name": "65 lbs", "element": 8}}, {"pk": 142, "model": "Bren.variation", "fields": {"name": "75 lbs", "element": 8}}, {"pk": 143, "model": "Bren.variation", "fields": {"name": "85 lbs", "element": 8}}, {"pk": 144, "model": "Bren.variation", "fields": {"name": "95 lbs", "element": 8}}, {"pk": 145, "model": "Bren.variation", "fields": {"name": "105 lbs", "element": 8}}, {"pk": 146, "model": "Bren.variation", "fields": {"name": "115 lbs", "element": 8}}, {"pk": 147, "model": "Bren.variation", "fields": {"name": "125 lbs", "element": 8}}, {"pk": 148, "model": "Bren.variation", "fields": {"name": "135 lbs", "element": 8}}, {"pk": 149, "model": "Bren.variation", "fields": {"name": "145 lbs", "element": 8}}, {"pk": 150, "model": "Bren.variation", "fields": {"name": "155 lbs", "element": 8}}, {"pk": 151, "model": "Bren.variation", "fields": {"name": "PVC Pipe", "element": 27}}, {"pk": 152, "model": "Bren.variation", "fields": {"name": "15 lbs", "element": 27}}, {"pk": 153, "model": "Bren.variation", "fields": {"name": "35 lbs", "element": 27}}, {"pk": 154, "model": "Bren.variation", "fields": {"name": "45 lbs", "element": 27}}, {"pk": 155, "model": "Bren.variation", "fields": {"name": "55 lbs", "element": 27}}, {"pk": 156, "model": "Bren.variation", "fields": {"name": "65 lbs", "element": 27}}, {"pk": 157, "model": "Bren.variation", "fields": {"name": "75 lbs", "element": 27}}, {"pk": 158, "model": "Bren.variation", "fields": {"name": "85 lbs", "element": 27}}, {"pk": 159, "model": "Bren.variation", "fields": {"name": "95 lbs", "element": 27}}, {"pk": 160, "model": "Bren.variation", "fields": {"name": "105 lbs", "element": 27}}, {"pk": 161, "model": "Bren.variation", "fields": {"name": "115 lbs", "element": 27}}, {"pk": 162, "model": "Bren.variation", "fields": {"name": "125 lbs", "element": 27}}, {"pk": 163, "model": "Bren.variation", "fields": {"name": "135 lbs", "element": 27}}, {"pk": 164, "model": "Bren.variation", "fields": {"name": "145 lbs", "element": 27}}, {"pk": 165, "model": "Bren.variation", "fields": {"name": "155 lbs", "element": 27}}, {"pk": 166, "model": "Bren.variation", "fields": {"name": "PVC Pipe", "element": 28}}, {"pk": 167, "model": "Bren.variation", "fields": {"name": "15 lbs", "element": 28}}, {"pk": 168, "model": "Bren.variation", "fields": {"name": "30 lbs", "element": 28}}, {"pk": 169, "model": "Bren.variation", "fields": {"name": "45 lbs", "element": 28}}, {"pk": 170, "model": "Bren.variation", "fields": {"name": "55 lbs", "element": 28}}, {"pk": 171, "model": "Bren.variation", "fields": {"name": "65 lbs", "element": 28}}, {"pk": 172, "model": "Bren.variation", "fields": {"name": "75 lbs", "element": 28}}, {"pk": 173, "model": "Bren.variation", "fields": {"name": "85 lbs", "element": 28}}, {"pk": 174, "model": "Bren.variation", "fields": {"name": "95 lbs", "element": 28}}, {"pk": 175, "model": "Bren.variation", "fields": {"name": "105 lbs ", "element": 28}}, {"pk": 176, "model": "Bren.variation", "fields": {"name": "115 lbs", "element": 28}}, {"pk": 177, "model": "Bren.variation", "fields": {"name": "125 lbs", "element": 28}}, {"pk": 178, "model": "Bren.variation", "fields": {"name": "135 lbs", "element": 28}}, {"pk": 179, "model": "Bren.variation", "fields": {"name": "145 lbs", "element": 28}}, {"pk": 180, "model": "Bren.variation", "fields": {"name": "155 lbs", "element": 28}}, {"pk": 181, "model": "Bren.variation", "fields": {"name": "PVC Pipe", "element": 29}}, {"pk": 182, "model": "Bren.variation", "fields": {"name": "15 lbs", "element": 29}}, {"pk": 183, "model": "Bren.variation", "fields": {"name": "30 lbs", "element": 29}}, {"pk": 184, "model": "Bren.variation", "fields": {"name": "45 lbs", "element": 29}}, {"pk": 185, "model": "Bren.variation", "fields": {"name": "55 lbs", "element": 29}}, {"pk": 186, "model": "Bren.variation", "fields": {"name": "65 lbs", "element": 29}}, {"pk": 187, "model": "Bren.variation", "fields": {"name": "75 lbs", "element": 29}}, {"pk": 188, "model": "Bren.variation", "fields": {"name": "85 lbs", "element": 29}}, {"pk": 189, "model": "Bren.variation", "fields": {"name": "95 lbs", "element": 29}}, {"pk": 190, "model": "Bren.variation", "fields": {"name": "105 lbs", "element": 29}}, {"pk": 191, "model": "Bren.variation", "fields": {"name": "115 lbs", "element": 29}}, {"pk": 192, "model": "Bren.variation", "fields": {"name": "125 lbs", "element": 29}}, {"pk": 193, "model": "Bren.variation", "fields": {"name": "135 lbs", "element": 29}}, {"pk": 194, "model": "Bren.variation", "fields": {"name": "145 lbs", "element": 29}}, {"pk": 195, "model": "Bren.variation", "fields": {"name": "155 lbs", "element": 29}}, {"pk": 196, "model": "Bren.variation", "fields": {"name": "20", "element": 4}}, {"pk": 15, "model": "Bren.completed_element", "fields": {"completed_workout": 5, "element_used": 35, "variation": 7}}, {"pk": 16, "model": "Bren.completed_element", "fields": {"completed_workout": 5, "element_used": 37, "variation": 12}}, {"pk": 17, "model": "Bren.completed_element", "fields": {"completed_workout": 5, "element_used": 34, "variation": 1}}, {"pk": 18, "model": "Bren.completed_element", "fields": {"completed_workout": 5, "element_used": 36, "variation": 10}}, {"pk": 19, "model": "Bren.completed_element", "fields": {"completed_workout": 1, "element_used": 35, "variation": 7}}, {"pk": 20, "model": "Bren.completed_element", "fields": {"completed_workout": 1, "element_used": 37, "variation": 12}}, {"pk": 21, "model": "Bren.completed_element", "fields": {"completed_workout": 1, "element_used": 34, "variation": 1}}, {"pk": 22, "model": "Bren.completed_element", "fields": {"completed_workout": 1, "element_used": 36, "variation": 10}}, {"pk": 29, "model": "Bren.completed_element", "fields": {"completed_workout": 4, "element_used": 35, "variation": 7}}, {"pk": 30, "model": "Bren.completed_element", "fields": {"completed_workout": 4, "element_used": 37, "variation": 12}}, {"pk": 31, "model": "Bren.completed_element", "fields": {"completed_workout": 4, "element_used": 34, "variation": 1}}, {"pk": 32, "model": "Bren.completed_element", "fields": {"completed_workout": 4, "element_used": 36, "variation": 11}}, {"pk": 36, "model": "Bren.completed_element", "fields": {"completed_workout": 9, "element_used": 49, "variation": 1}}, {"pk": 37, "model": "Bren.completed_element", "fields": {"completed_workout": 9, "element_used": 47, "variation": 88}}, {"pk": 38, "model": "Bren.completed_element", "fields": {"completed_workout": 9, "element_used": 48, "variation": 49}}, {"pk": 39, "model": "Bren.completed_element", "fields": {"completed_workout": 7, "element_used": 61, "variation": 7}}, {"pk": 40, "model": "Bren.completed_element", "fields": {"completed_workout": 7, "element_used": 62, "variation": 94}}, {"pk": 41, "model": "Bren.completed_element", "fields": {"completed_workout": 7, "element_used": 60, "variation": 1}}, {"pk": 42, "model": "Bren.completed_element", "fields": {"completed_workout": 6, "element_used": 49, "variation": 1}}, {"pk": 43, "model": "Bren.completed_element", "fields": {"completed_workout": 6, "element_used": 47, "variation": 88}}, {"pk": 44, "model": "Bren.completed_element", "fields": {"completed_workout": 6, "element_used": 48, "variation": 49}}, {"pk": 45, "model": "Bren.completed_element", "fields": {"completed_workout": 10, "element_used": 51, "variation": 54}}, {"pk": 46, "model": "Bren.completed_element", "fields": {"completed_workout": 10, "element_used": 52, "variation": 64}}, {"pk": 47, "model": "Bren.completed_element", "fields": {"completed_workout": 10, "element_used": 50, "variation": 12}}, {"pk": 52, "model": "Bren.completed_element", "fields": {"completed_workout": 8, "element_used": 2, "variation": 6}}, {"pk": 53, "model": "Bren.completed_element", "fields": {"completed_workout": 8, "element_used": 3, "variation": 82}}, {"pk": 54, "model": "Bren.completed_element", "fields": {"completed_workout": 8, "element_used": 1, "variation": 12}}, {"pk": 55, "model": "Bren.completed_element", "fields": {"completed_workout": 11, "element_used": 35, "variation": 7}}, {"pk": 56, "model": "Bren.completed_element", "fields": {"completed_workout": 11, "element_used": 37, "variation": 12}}, {"pk": 57, "model": "Bren.completed_element", "fields": {"completed_workout": 11, "element_used": 34, "variation": 6}}, {"pk": 58, "model": "Bren.completed_element", "fields": {"completed_workout": 11, "element_used": 36, "variation": 11}}, {"pk": 59, "model": "Bren.completed_element", "fields": {"completed_workout": 12, "element_used": 79, "variation": 1}}, {"pk": 60, "model": "Bren.completed_element", "fields": {"completed_workout": 12, "element_used": 78, "variation": 134}}, {"pk": 61, "model": "Bren.completed_element", "fields": {"completed_workout": 12, "element_used": 77, "variation": 83}}, {"pk": 62, "model": "Bren.completed_element", "fields": {"completed_workout": 13, "element_used": 39, "variation": 81}}, {"pk": 63, "model": "Bren.completed_element", "fields": {"completed_workout": 13, "element_used": 59, "variation": 81}}, {"pk": 64, "model": "Bren.completed_element", "fields": {"completed_workout": 13, "element_used": 57, "variation": 81}}, {"pk": 65, "model": "Bren.completed_element", "fields": {"completed_workout": 13, "element_used": 58, "variation": 13}}, {"pk": 66, "model": "Bren.completed_element", "fields": {"completed_workout": 13, "element_used": 56, "variation": 13}}, {"pk": 67, "model": "Bren.completed_element", "fields": {"completed_workout": 13, "element_used": 38, "variation": 13}}, {"pk": 68, "model": "Bren.completed_element", "fields": {"completed_workout": 14, "element_used": 39, "variation": 81}}, {"pk": 69, "model": "Bren.completed_element", "fields": {"completed_workout": 14, "element_used": 59, "variation": 81}}, {"pk": 70, "model": "Bren.completed_element", "fields": {"completed_workout": 14, "element_used": 57, "variation": 81}}, {"pk": 71, "model": "Bren.completed_element", "fields": {"completed_workout": 14, "element_used": 58, "variation": 13}}, {"pk": 72, "model": "Bren.completed_element", "fields": {"completed_workout": 14, "element_used": 56, "variation": 13}}, {"pk": 73, "model": "Bren.completed_element", "fields": {"completed_workout": 14, "element_used": 38, "variation": 13}}, {"pk": 74, "model": "Bren.completed_element", "fields": {"completed_workout": 15, "element_used": 35, "variation": 7}}, {"pk": 75, "model": "Bren.completed_element", "fields": {"completed_workout": 15, "element_used": 37, "variation": 12}}, {"pk": 76, "model": "Bren.completed_element", "fields": {"completed_workout": 15, "element_used": 34, "variation": 1}}, {"pk": 77, "model": "Bren.completed_element", "fields": {"completed_workout": 15, "element_used": 36, "variation": 10}}]
